{
  "web": {
    "client_id": "1016455203993-37gnufv6o4jkfrlj3srufk642s544c9v.apps.googleusercontent.com",
    "project_id": "ncdpmailer",
    "auth_uri": "https://accounts.google.com/o/oauth2/auth",
    "token_uri": "https://oauth2.googleapis.com/token",
    "auth_provider_x509_cert_url": "https://www.googleapis.com/oauth2/v1/certs",
    "client_secret": "mkGfcQAsBaiO2YSx1mWYdFra",
    "redirect_uris": [
      "https://developers.google.com/oauthplaygroung",
      "http://localhost/3000"
    ]
  }
}
