{
  "appDownload": {
    "Jan": {
      "Week1": {
        "tatal": 16,
        "days": [0, 1, 3, 0, 0, 0, 5]
      },
      "Week2": {
        "tatal": 9,
        "days": [0, 0, 0, 0, 9, 8, 0]
      },
      "Week3": {
        "tatal": 18,
        "days": [0, 1, 9, 0, 0, 3, 0]
      },
      "Week4": {
        "tatal": 32,
        "days": [0, 1, 8, 0, 0, 3, 9]
      }
    },
    "Feb": {
      "Week1": {
        "tatal": 31,
        "days": [1, 1, 0, 0, 0, 3, 1]
      },
      "Week2": {
        "tatal": 5,
        "days": [0, 1, 2, 2, 0, 3, 2]
      },
      "Week3": {
        "tatal": 23,
        "days": [9, 6, 6, 5, 8, 0, 0]
      },
      "Week4": {
        "tatal": 32,
        "days": [3, 1, 0, 0, 0, 3, 0]
      }
    },
    "Mar": {
      "Week1": {
        "tatal": 67,
        "days": [0, 1, 8, 0, 0, 3, 15]
      },
      "Week2": {
        "tatal": 60,
        "days": [0, 1, 1, 0, 7, 0, 12]
      },
      "Week3": {
        "tatal": 20,
        "days": [1, 0, 0, 0, 0, 1, 3]
      },
      "Week4": {
        "tatal": 33,
        "days": [1, 2, 8, 0, 0, 0, 0]
      }
    }
  },
  "TimeReviwed": [
    {
      "ModelID": 1,
      "ModelTitle": "HouseManagment",
      "TopicID": 2,
      "TopicTiele": "Cleaning",
      "Articles": [
        {
          "ArticleID": 3,
          "ArticlTitle": "Article 1",
          "TimeViewed": 15,
          "TimeSpendOnArticle": 20
        },
        {
          "ArticleID": 20,
          "ArticlTitle": "Article 2",
          "TimeViewed": 7,
          "TimeSpendOnArticle": 20
        },
        {
          "ArticleID": 14,
          "ArticlTitle": "Article 3",
          "TimeViewed": 9,
          "TimeSpendOnArticle": 20
        }
      ]
    },
    {
      "ModelID": 1,
      "ModelTitle": "HouseManagment",
      "TopicID": 4,
      "TopicTiele": "Cooking",
      "Articles": [
        {
          "ArticleID": 19,
          "ArticlTitle": "Article 32",
          "TimeViewed": 13,
          "TimeSpendOnArticle": 20
        },
        {
          "ArticleID": 33,
          "ArticlTitle": "Article 6",
          "TimeViewed": 5,
          "TimeSpendOnArticle": 20
        },
        {
          "ArticleID": 17,
          "ArticlTitle": "Article 18",
          "TimeViewed": 1,
          "TimeSpendOnArticle": 20
        }
      ]
    },
    {
      "ModelID": 2,
      "TopicID": 15,
      "TopicTiele": "reorder",
      "ModelTitle": "mony mangment",
      "Articles": [
        {
          "ArticleID": 6,
          "ArticlTitle": "Article 9",
          "TimeViewed": 0,
          "TimeSpendOnArticle": 20
        },
        {
          "ArticleID": 21,
          "ArticlTitle": "Article 4",
          "TimeViewed": 3,
          "TimeSpendOnArticle": 20
        },
        {
          "ArticleID": 15,
          "ArticlTitle": "Article 5",
          "TimeViewed": 19,
          "TimeSpendOnArticle": 20
        }
      ]
    }
  ]
}
