[{"Icon":"facebook","active":true,"linke":"https://stackoverflow.com/questions/14551608/list-of-encodings-that-node-js-supports"},{"Icon":"twitter","active":true,"linke":"https://app.slack.com/client/TTTLRS46B/GTRV2BDGT/thread/C012GGTS7H7-1587643929.032500"},{"Icon":"google plus","active":true,"linke":"https://app.slack.com/client/TTTLRS46B/GTRV2BDGT/thread/C012GGTS7H7-1587643929.032500"},{"Icon":"linkedin","active":true,"linke":"https://app.slack.com/client/TTTLRS46B/GTRV2BDGT/thread/C012GGTS7H7-1587643929.032500"},{"Icon":"vk","active":false,"linke":"https://app.slack.com/client/TTTLRS46B/GTRV2BDGT/thread/C012GGTS7H7-1587643929.032500"},{"Icon":"youtube","active":true,"linke":"https://app.slack.com/client/TTTLRS46B/GTRV2BDGT/thread/C012GGTS7H7-1587643929.032500"},{"Icon":"github","active":true,"linke":"https://app.slack.com/client/TTTLRS46B/GTRV2BDGT/thread/C012GGTS7H7-1587643929.032500"},{"Icon":"whatsapp square","active":true,"linke":"https://app.slack.com/client/TTTLRS46B/GTRV2BDGT/thread/C012GGTS7H7-1587643929.032500"}]